{"cameraMode":{"drawMode":0,"name":"Shaded","section":"Shading Mode"},"sceneLighting":false,"audioPlay":false,"sceneViewState":{"m_AlwaysRefresh":false,"showFog":true,"showSkybox":true,"showFlares":true,"showImageEffects":true,"showParticleSystems":true,"showVisualEffectGraphs":true,"m_FxEnabled":true},"in2DMode":false,"pivot":{"x":846.5765991210938,"y":1488.8480224609375,"z":29.532958984375},"rotation":{"x":-0.0014998714905232192,"y":0.013499587774276734,"z":0.000020249379304004833,"w":0.9999080896377564},"size":571.1356811523438,"orthographic":true}